Function,T_1_1,T_1_3,T_2_1,T_2_3,M1,M2,L
-1,15,15,20,15,-1,-1,-1
-1,15,16,20,15,-1,-1,-1
-1,15,17,20,15,-1,-1,-1
-1,15,18,20,15,-1,-1,-1
-1,15,19,20,15,-1,-1,-1
-1,15,20,20,15,-1,-1,-1
-1,16,15,20,15,-1,-1,-1
-1,16,16,20,15,-1,-1,-1
-1,16,17,20,15,-1,-1,-1
-1,16,18,20,15,-1,-1,-1
-1,16,19,20,15,-1,-1,-1
-1,16,20,20,15,-1,-1,-1
-1,17,15,20,15,-1,-1,-1
-1,17,16,20,15,-1,-1,-1
-1,17,17,20,15,-1,-1,-1
-1,17,18,20,15,-1,-1,-1
-1,17,19,20,15,-1,-1,-1
-1,17,20,20,15,-1,-1,-1
-1,18,15,20,15,-1,-1,-1
-1,18,16,20,15,-1,-1,-1
-1,18,17,20,15,-1,-1,-1
-1,18,18,20,15,-1,-1,-1
-1,18,19,20,15,-1,-1,-1
-1,18,20,20,15,-1,-1,-1
-1,19,15,20,15,-1,-1,-1
-1,19,16,20,15,-1,-1,-1
-1,19,17,20,15,-1,-1,-1
-1,19,18,20,15,-1,-1,-1
-1,19,19,20,15,-1,-1,-1
-1,19,20,20,15,-1,-1,-1
-1,20,15,20,15,-1,-1,-1
-1,20,16,20,15,-1,-1,-1
-1,20,17,20,15,-1,-1,-1
-1,20,18,20,15,-1,-1,-1
-1,20,19,20,15,-1,-1,-1
-1,20,20,20,15,-1,-1,-1
15.0927,17,18,20,17,13.8256,16.2831,0.570192
15.4137,18,18,17,17,15.2605,15.5577,0.586774
15.6953,17,18,15,18,14.6044,16.7201,0.574131
15.8382,19,18,16,16,12.7435,18.7455,0.567653
16.1246,17,17,17,17,15.7406,16.4854,0.574887
16.1316,19,18,18,18,13.9373,18.193,0.562771
16.2064,18,18,18,19,14.7444,17.5799,0.578825
16.2321,17,19,17,20,15.4339,16.9819,0.574316
16.2394,17,18,15,19,18.7953,13.8384,0.595506
16.273,15,17,15,20,19.4347,13.3027,0.571561
16.2771,20,17,17,17,17.1141,15.4908,0.551915
16.3234,19,18,16,19,15.7393,16.8721,0.566451
16.5506,19,15,16,18,12.5192,20.3378,0.567102
16.7018,17,17,16,15,13.5849,19.6298,0.570539
16.7422,16,17,16,19,20.0993,13.5884,0.567796
16.7437,20,19,18,19,14.8911,18.4842,0.570647
16.797,18,17,15,17,16.9819,16.6233,0.577462
16.8053,17,17,16,19,16.4107,17.176,0.595997
16.8108,18,18,16,20,15.7172,17.8381,0.571068
16.8131,20,18,20,18,14.207,19.2614,0.56829
16.8387,19,20,18,17,18.0364,15.7136,0.568275
16.8985,19,17,18,18,17.7263,16.1209,0.575114
16.9102,17,17,16,16,13.5386,20.0776,0.574834
17.0719,17,19,19,20,13.1438,20.762,0.570254
17.0957,19,18,19,17,15.3859,18.702,0.568245
17.1197,17,18,15,15,14.5212,19.5608,0.563056
17.1306,17,20,17,19,17.1672,17.0962,0.581002
17.1342,18,17,15,16,14.1672,19.9215,0.56419
17.1618,15,17,15,17,21.8004,12.8041,0.571096
17.2248,20,19,15,17,17.4888,16.9768,0.566815
17.231,20,20,16,17,17.2225,17.239,0.576698
17.2394,17,18,17,20,13.3767,20.8681,0.566995
17.2566,18,17,17,19,15.7106,18.7089,0.590276
17.264,18,17,16,15,12.9682,21.2997,0.569139
17.2707,20,17,20,16,12.9519,21.3279,0.56808
17.2813,19,18,18,19,16.0136,18.4723,0.556645
17.3051,19,18,17,19,14.5049,19.9356,0.578937
17.3361,18,19,15,15,15.6524,18.9178,0.568281
17.3768,17,17,15,17,15.6898,18.9617,0.562751
17.3948,19,17,15,20,18.6296,16.2348,0.568426
17.4076,18,19,17,16,13.2713,21.2933,0.559687
17.4081,19,17,15,17,18.0815,16.7755,0.565757
17.4142,15,19,17,17,17.9965,16.8671,0.565818
17.4178,19,19,15,18,18.2722,16.6151,0.561171
17.4248,15,17,17,17,20.6447,14.3999,0.568635
17.4551,18,18,16,19,17.8223,17.1101,0.566907
17.4871,20,17,15,15,16.1559,18.7377,0.576306
17.4947,17,17,17,15,12.2268,22.4435,0.572659
17.5094,18,19,16,18,18.5065,16.5726,0.56962
17.5173,20,18,15,18,18.5748,16.5239,0.562188
17.5199,17,18,19,15,15.0031,19.8842,0.570879
17.5278,17,19,19,18,15.7952,19.1555,0.574094
17.5303,18,17,17,18,14.5613,20.3194,0.567796
17.5424,19,19,18,19,15.3808,19.5731,0.590451
17.5529,17,18,16,17,16.59,18.4575,0.571384
17.5747,18,20,17,15,14.3115,20.6403,0.569374
17.5805,18,19,15,17,19.3126,15.9533,0.57688
17.5828,19,19,19,17,13.4431,21.4718,0.574434
17.5954,20,19,17,20,16.0591,19.0386,0.573957
17.6366,19,17,16,17,19.2506,16.1203,0.584222
17.6399,18,20,17,17,13.4352,21.59,0.562083
17.6402,20,17,18,19,15.309,19.8302,0.563079
17.6463,19,20,16,15,18.4244,16.9154,0.570091
17.6653,17,17,18,18,17.2264,18.0776,0.575806
17.68,17,19,20,17,13.0638,22.0165,0.591372
17.6867,17,17,15,18,17.5251,17.8385,0.581315
17.6925,17,17,20,18,17.0129,18.3309,0.58928
17.6956,17,19,18,19,15.3268,19.921,0.611922
17.6998,18,18,19,17,13.8174,21.3472,0.558008
17.7069,19,17,17,18,14.8403,20.3998,0.56206
17.7134,17,18,16,19,16.3417,19.0021,0.580075
17.7213,15,18,17,20,21.3254,14.3354,0.577177
17.7219,17,18,19,17,15.9114,19.4227,0.575226
17.7299,17,19,17,18,17.0537,18.3651,0.550148
17.7411,19,20,18,20,13.3466,21.8696,0.571129
17.7432,18,17,18,18,15.9838,19.396,0.562638
17.7488,20,19,16,17,18.5303,17.0147,0.585571
17.7847,17,20,18,20,15.3607,20.062,0.575416
17.792,20,17,15,19,18.1092,17.494,0.597002
17.8044,19,19,17,18,14.9491,20.4867,0.595026
17.8045,17,20,17,20,14.0001,21.3785,0.596043
17.8177,15,17,20,17,19.9481,15.8163,0.568914
17.8327,17,18,19,18,15.4632,20.0588,0.570299
17.8485,19,18,15,16,14.7346,20.7738,0.568177
17.8498,17,15,17,17,11.6667,23.6584,0.531729
17.8543,18,17,17,17,14.4704,21.0332,0.567176
17.8608,17,18,18,19,17.3463,18.3442,0.582765
17.8673,17,17,19,18,14.1103,21.3969,0.56564
17.8856,18,17,15,19,15.3717,20.2471,0.580473
17.8953,20,20,19,17,15.8659,19.8018,0.565232
17.8982,16,18,15,15,18.6774,17.1662,0.566704
17.926,19,17,19,17,15.2136,20.4742,0.582981
17.9325,20,18,18,18,14.6112,21.0526,0.573465
17.9353,17,20,15,15,15.6656,20.0675,0.570881
17.9408,18,17,15,20,17.3296,18.5151,0.563969
17.9663,17,19,15,17,17.3697,18.5268,0.572849
17.9664,17,20,16,17,18.0745,17.8649,0.573038
17.9711,18,20,17,18,16.257,19.5814,0.565182
17.9804,20,16,15,15,12.8421,22.8076,0.59147
17.9876,18,19,18,18,18.7113,17.3077,0.580688
17.988,17,18,17,19,16.1914,19.6757,0.574831
17.9924,19,18,15,17,17.7791,18.1928,0.571835
18.0056,19,18,18,17,16.9276,19.0184,0.565454
18.0059,19,17,17,17,14.2368,21.5469,0.570632
18.0302,17,20,16,19,17.2058,18.8047,0.572392
18.0428,18,15,19,18,12.4264,23.3191,0.592305
18.0512,17,17,18,17,15.3438,20.5946,0.588526
18.0821,17,18,15,16,19.351,16.8901,0.550681
18.0852,19,20,17,18,15.1242,20.8668,0.572751
18.0856,16,16,18,19,15.511,20.5043,0.563737
18.0927,20,17,17,18,17.5949,18.5604,0.570935
18.1061,17,17,16,20,15.4348,20.6156,0.551765
18.1318,20,20,18,18,16.3922,19.7661,0.574775
18.1345,17,17,20,19,17.1621,19.048,0.572168
18.1714,19,19,20,20,16.0228,20.1899,0.5745
18.1882,16,18,18,19,20.9838,15.562,0.571223
18.1959,17,19,18,16,14.5439,21.6268,0.563205
18.2264,20,17,18,15,11.9433,24.129,0.562821
18.2437,18,15,16,18,11.1379,24.9193,0.570421
18.2588,17,17,19,17,15.1479,21.1813,0.575204
18.2745,19,19,17,20,17.7907,18.729,0.542121
18.2899,15,15,15,18,17.724,18.8215,0.557005
18.3062,20,17,15,17,18.3214,18.2918,0.568387
18.3147,19,17,16,18,14.3862,22.0053,0.574566
18.3263,18,17,15,15,13.2777,23.0692,0.563812
18.3277,20,18,18,17,15.8356,20.6689,0.557107
18.3301,20,20,17,20,14.4866,21.9408,0.566396
18.3346,15,17,15,18,21.0265,15.8056,0.575502
18.3428,15,17,18,18,18.1182,18.5537,0.56551
18.3525,17,18,16,18,21.5953,15.3062,0.57365
18.3836,17,18,20,20,15.5994,20.9992,0.570674
18.4333,16,17,18,17,17.3996,19.4044,0.550165
18.436,19,18,19,18,16.7191,20.049,0.569846
18.4642,15,18,18,16,21.2017,15.8924,0.59137
18.4797,18,20,16,18,19.0498,17.9441,0.625809
18.4834,17,17,16,17,18.4663,18.4995,0.569637
18.4864,18,17,17,16,16.0347,20.7896,0.560948
18.4914,17,16,16,17,15.6831,21.1296,0.565883
18.5203,18,19,17,17,15.633,21.2328,0.562143
18.5431,18,19,16,20,16.0986,20.8396,0.576356
18.5648,20,18,15,17,19.6877,17.5099,0.568207
18.5695,17,19,17,17,17.7044,19.3823,0.579374
18.5723,20,18,16,19,15.5133,21.446,0.542363
18.5798,17,17,15,15,18.3045,18.8384,0.578794
18.5883,17,19,15,20,18.8374,18.3542,0.56497
18.5884,20,17,18,18,13.1907,23.6592,0.556508
18.601,18,17,17,20,15.502,21.5123,0.569558
18.6227,18,19,17,18,18.7548,18.4986,0.571172
18.6229,18,17,16,18,16.4329,20.6803,0.573103
18.637,15,19,18,18,18.3455,18.9108,0.568458
18.6424,20,18,19,18,14.4654,22.5665,0.57118
18.6429,18,19,16,16,17.2792,19.924,0.563627
18.6658,18,16,16,17,14.8335,22.266,0.564899
18.6733,15,16,19,19,18.1989,19.1189,0.555237
18.6765,20,17,18,17,14.8764,22.2464,0.624071
18.6778,18,17,19,18,14.2356,22.851,0.60592
18.6812,18,20,16,17,17.3177,19.9621,0.572032
18.7004,16,19,20,19,23.9118,13.8047,0.568425
18.7015,20,17,19,17,16.9063,20.388,0.560558
18.7067,20,17,20,19,14.656,22.512,0.581443
18.7095,18,18,18,17,14.2728,22.8775,0.571022
18.7138,20,18,17,18,16.7242,20.5828,0.56582
18.716,20,20,17,18,18.8514,18.5887,0.572603
18.7191,17,17,18,19,15.558,21.6887,0.559601
18.7263,17,18,18,17,14.9628,22.2618,0.562902
18.7337,15,20,18,15,22.6873,15.0196,0.533181
18.7451,19,19,20,19,15.2307,22.0467,0.572119
18.7543,16,17,19,19,22.9243,14.8369,0.584079
18.7819,20,20,19,19,14.051,23.2262,0.565488
18.788,15,18,17,17,20.2762,17.3899,0.575148
18.7908,15,18,16,15,21.2065,16.5214,0.560966
18.7951,17,20,20,18,13.941,23.3552,0.572613
18.7957,18,19,20,17,16.9204,20.5573,0.561428
18.7993,17,20,16,15,20.7811,16.9376,0.566021
18.8077,16,20,20,17,20.5729,17.1495,0.577117
18.8096,19,17,15,18,19.1255,18.5129,0.57458
18.8111,18,20,18,17,19.4203,18.2387,0.570271
18.8175,18,18,16,15,14.5452,22.831,0.568615
18.8382,18,18,15,16,17.2498,20.3304,0.566251
18.8391,18,17,20,20,15.645,21.8398,0.562579
18.8502,18,17,18,17,14.0317,23.3769,0.593213
18.8665,16,17,17,19,23.1751,14.8189,0.566901
18.8704,17,19,18,20,17.2389,20.403,0.605178
18.8716,17,18,20,18,12.767,24.6065,0.585124
18.8807,19,19,19,19,17.4347,20.2393,0.57357
18.8916,18,16,15,19,15.8609,21.7387,0.560158
18.8922,17,19,17,19,15.6118,21.9739,0.568286
18.8948,16,18,17,16,23.274,14.7808,0.571429
18.8982,18,16,18,17,11.3798,25.9612,0.565262
18.9026,18,15,16,19,12.4893,24.9274,0.584133
18.9056,17,19,18,15,15.095,22.4854,0.557618
18.9106,19,15,17,17,10.672,26.6504,0.557586
18.9178,16,17,19,15,18.6987,19.1236,0.555732
18.9424,17,16,15,18,11.4202,26.009,0.567349
18.9688,19,18,15,19,18.5131,19.3969,0.609186
18.9702,15,18,20,18,21.5021,16.5916,0.574211
18.9736,15,17,18,17,19.8218,18.1768,0.566902
18.9875,18,19,17,15,12.7469,24.8501,0.564058
18.9957,17,17,17,19,14.2092,23.4923,0.574684
19.0004,18,18,20,18,13.4742,24.1919,0.574014
19.0014,19,19,16,18,20.1059,17.9637,0.575949
19.0066,20,19,18,17,14.2351,23.489,0.55875
19.0197,20,18,19,15,13.0345,24.6425,0.559131
19.0209,17,20,19,20,16.7766,21.1293,0.573098
19.0284,19,18,18,15,16.1834,21.7011,0.56792
19.0305,19,18,17,18,16.6579,21.2595,0.571606
19.0317,15,19,19,19,23.5504,14.7867,0.600712
19.0351,18,20,15,16,16.9884,20.9579,0.617437
19.0427,19,19,16,17,17.1107,20.8578,0.579149
19.0488,20,15,18,18,10.6567,26.9327,0.564491
19.0683,17,19,19,15,13.3651,24.4261,0.57331
19.0792,17,17,15,20,18.3171,19.795,0.574707
19.0797,18,15,15,20,12.5157,25.2463,0.57469
19.0865,17,19,15,18,17.8963,20.2046,0.569842
19.0908,18,17,20,16,13.918,23.9504,0.569202
19.1022,15,15,19,19,17.7383,20.3834,0.577917
19.1028,19,17,20,18,16.8886,21.1829,0.562399
19.1043,17,18,17,18,16.7214,21.3428,0.564499
19.1045,18,17,15,18,15.7072,22.2961,0.573398
19.106,19,19,17,16,18.252,19.9083,0.569797
19.1064,18,18,15,19,18.9796,19.2255,0.575894
19.1107,18,17,16,19,18.1037,20.0566,0.589625
19.119,19,17,16,20,18.1809,20.0002,0.572471
19.1304,15,19,15,17,23.5846,14.946,0.551768
19.1452,19,18,20,18,12.8149,25.0922,0.556791
19.1594,20,20,19,18,14.5051,23.5318,0.568362
19.162,19,17,15,19,18.7051,19.5912,0.574207
19.1633,17,19,16,20,20.2423,18.1498,0.563985
19.1698,18,18,18,15,12.3419,25.5842,0.559504
19.1803,15,17,17,18,22.6637,15.9079,0.569054
19.183,17,19,16,18,18.7894,19.5528,0.564521
19.1832,20,19,17,18,18.3514,19.9646,0.564352
19.1945,15,19,17,15,19.6671,18.7505,0.566585
19.1976,16,18,15,18,24.7602,13.9718,0.584564
19.1997,18,18,20,19,15.3181,22.8463,0.590657
19.2055,17,17,19,16,14.0092,24.087,0.564687
19.2079,18,19,15,18,20.9047,17.6139,0.564107
19.2131,17,19,18,17,16.5901,21.6772,0.566495
19.2152,20,17,17,19,18.1849,20.1831,0.568317
19.2241,15,18,20,19,20.4136,18.1066,0.542609
19.2252,18,17,19,15,11.4323,26.5461,0.564189
19.2289,18,18,17,20,16.3339,21.9485,0.602985
19.2306,16,17,20,17,22.1364,16.5008,0.549313
19.2394,15,19,18,19,25.4478,13.4069,0.57716
19.2466,20,20,20,17,14.9436,23.289,0.588463
19.2496,17,19,19,17,19.5362,18.9803,0.569022
19.2537,15,19,20,18,24.9845,13.87,0.576231
19.2541,17,17,18,20,17.121,21.2581,0.578941
19.2656,19,15,19,18,11.827,26.2537,0.543146
19.2695,16,17,19,20,21.2723,17.388,0.569305
19.2722,18,18,17,15,14.4566,23.7962,0.559253
19.2727,18,17,16,16,16.8899,21.5112,0.55563
19.2778,18,19,17,20,18.2595,20.2346,0.591311
19.282,15,18,18,17,23.0506,15.7416,0.55859
19.2916,20,17,15,18,18.2376,20.2818,0.54975
19.3164,16,16,16,17,22.9098,15.9406,0.571737
19.329,16,18,17,17,25.2166,13.7979,0.566175
19.3364,16,15,16,15,19.6529,19.039,0.579735
19.3405,20,17,20,17,15.5487,22.9026,0.574934
19.3465,20,17,15,16,13.488,24.8503,0.554577
19.3472,20,17,16,16,18.7767,19.8831,0.567637
19.3495,16,17,18,15,23.5944,15.3618,0.568761
19.3499,20,17,19,18,14.1448,24.2397,0.55049
19.3511,15,18,17,16,17.4751,21.1134,0.551228
19.3541,17,17,17,18,17.8517,20.7656,0.574439
19.3629,18,15,15,15,17.2101,21.3854,0.57653
19.3638,17,18,15,17,17.1226,21.4692,0.601131
19.3659,15,20,15,15,27.5417,11.6852,0.572496
19.3664,20,19,19,17,18.004,20.6463,0.56539
19.3834,19,16,17,19,14.2146,24.2391,0.55749
19.3938,16,18,18,17,21.6183,17.304,0.566733
19.4008,18,18,17,18,17.7443,20.957,0.574022
19.4029,19,18,20,16,14.6771,23.8425,0.587025
19.4159,17,16,18,19,16.5946,22.0663,0.571234
19.4162,17,20,18,19,16.3188,22.326,0.602031
19.4198,18,19,16,15,15.3503,23.2428,0.580276
19.4378,19,20,19,16,16.3687,22.3211,0.580833
19.4506,16,19,17,15,23.743,15.4181,0.576719
19.4552,19,16,16,17,15.7701,22.9171,0.564863
19.4592,15,16,17,19,15.3718,23.2991,0.558964
19.4626,15,15,17,17,21.422,17.6218,0.559448
19.4634,19,18,19,19,15.1168,23.5468,0.564792
19.468,15,18,16,20,22.5042,16.6156,0.56767
19.4682,16,16,16,20,19.8666,19.094,0.578061
19.48,19,15,15,17,12.2207,26.2996,0.581183
19.4807,18,19,17,19,16.7596,22.0371,0.573789
19.4837,17,17,20,16,16.2228,22.5471,0.577053
19.4848,19,17,18,15,14.533,24.1366,0.569615
19.4851,19,20,18,15,14.0992,24.5449,0.567571
19.4864,19,20,16,18,20.3925,18.6351,0.561012
19.4878,19,20,15,18,20.828,18.2287,0.568153
19.4929,18,19,16,19,19.8309,19.1754,0.548673
19.4976,15,16,17,18,19.2954,19.6875,0.578987
19.4978,16,16,17,15,19.8513,19.1657,0.575756
19.5056,20,15,16,17,15.3987,23.3639,0.575495
19.5077,18,17,16,20,19.1635,19.8311,0.562492
19.517,18,16,17,18,13.9406,24.7557,0.574703
19.5179,17,18,17,15,14.3632,24.3604,0.562828
19.5205,19,20,19,17,18.7365,20.2569,0.574676
19.5343,17,15,16,17,16.1673,22.6974,0.577045
19.5353,17,19,20,18,15.8455,23.0016,0.561638
19.5376,19,17,15,15,14.5448,24.2281,0.575048
19.5484,17,15,18,19,11.2202,27.3721,0.562346
19.5493,20,16,15,16,13.3549,25.3686,0.564828
19.5547,20,20,17,16,14.4355,24.3638,0.568873
19.5597,19,18,15,20,16.9585,22.0034,0.560256
19.5613,17,18,16,15,19.4898,19.6284,0.572879
19.5756,19,17,20,19,18.7781,20.3248,0.575254
19.584,19,20,19,18,16.6852,22.3073,0.591174
19.5841,17,19,16,19,19.6364,19.5349,0.569389
19.5914,20,15,16,18,14.9427,23.9586,0.573785
19.5934,19,17,17,16,13.803,25.0332,0.567835
19.5959,15,18,18,20,20.3754,18.8636,0.572439
19.5972,18,20,15,20,17.5576,21.5132,0.562263
19.599,17,18,20,19,15.5548,23.3984,0.566426
19.6016,18,19,20,16,14.5302,24.3658,0.576612
19.6054,17,20,16,20,20.7734,18.5081,0.586974
19.6078,19,19,17,17,16.4483,22.5759,0.56563
19.6316,15,16,16,16,16.8367,22.2573,0.567085
19.6422,15,16,17,16,14.3551,24.6091,0.553275
19.6454,19,15,16,16,11.5764,27.2256,0.553962
19.6517,19,16,15,19,15.4588,23.5907,0.580626
19.6546,19,18,18,20,15.889,23.192,0.561981
19.657,18,15,15,16,12.7419,26.1532,0.590183
19.6571,17,19,19,19,18.7084,20.5483,0.563669
19.659,20,18,15,16,18.2749,20.9593,0.556414
19.6599,15,18,19,17,22.618,16.881,0.587341
19.6628,16,18,16,20,27.3424,12.4484,0.541976
19.6712,20,19,19,15,16.4233,22.7223,0.586361
19.6747,20,17,17,15,13.121,25.8315,0.564301
19.6852,19,20,17,15,15.6466,23.4792,0.533956
19.6954,17,19,15,19,19.4474,19.9284,0.569124
19.6981,20,16,19,18,12.2353,26.7089,0.570995
19.7047,17,15,15,15,12.992,26.0108,0.569285
19.7085,20,16,18,19,12.1587,26.8011,0.592061
19.7172,17,15,18,18,13.4117,25.6409,0.562675
19.7236,20,18,20,16,13.614,25.4632,0.5714
19.7245,17,17,17,20,15.4239,23.7647,0.604007
19.7252,18,20,16,15,16.0837,23.1462,0.558386
19.7361,18,20,15,19,19.0431,20.387,0.569113
19.7423,18,19,18,17,16.6548,22.6427,0.584001
19.7598,18,18,16,16,15.2131,24.0312,0.561751
19.7647,16,15,20,20,15.2225,24.0318,0.564643
19.7717,18,17,18,15,14.5734,24.6552,0.590125
19.7732,20,17,15,20,17.6149,21.8009,0.583046
19.774,18,15,16,20,15.3544,23.9259,0.576306
19.7744,15,15,16,18,20.1819,19.3915,0.574023
19.7761,20,18,16,18,17.8488,21.5866,0.588436
19.7786,15,15,19,17,18.6096,20.8769,0.576135
19.787,17,16,18,17,16.8586,22.538,0.559585
19.7893,19,20,17,17,17.6353,21.8127,0.605416
19.804,17,20,15,17,21.127,18.561,0.553663
19.8048,17,20,16,16,18.8676,20.6852,0.571911
19.8072,19,15,16,17,14.1918,25.0825,0.58407
19.8109,16,17,17,15,20.1437,19.4983,0.572133
19.813,19,17,16,15,15.019,24.3167,0.564727
19.8179,18,17,19,17,17.7404,21.7697,0.627532
19.8214,18,16,16,18,15.4343,23.9428,0.568577
19.8232,15,17,19,18,21.8134,17.9535,0.570802
19.8314,19,19,17,15,17.8357,21.7062,0.565467
19.8417,17,17,20,17,16.1668,23.2941,0.578616
19.8436,17,18,19,19,14.9191,24.4699,0.581698
19.8553,19,15,15,19,13.652,25.6829,0.587502
19.8664,18,18,19,20,15.7587,23.7253,0.564152
19.8668,17,19,15,15,17.7664,21.8399,0.567042
19.8758,16,18,16,16,22.3428,17.5581,0.573342
19.8938,18,19,18,19,15.0911,24.4057,0.57043
19.9073,20,16,18,15,11.6912,27.6258,0.586354
19.9098,15,15,15,15,19.5439,20.2536,0.566456
19.9159,16,17,15,18,20.4224,19.4401,0.569436
19.9212,18,19,19,19,19.4121,20.3994,0.564309
19.925,19,18,15,18,18.6901,21.0851,0.608132
19.9263,18,17,18,19,20.2762,19.5975,0.577812
19.9305,16,20,18,17,26.3323,13.9164,0.575515
19.935,15,16,16,15,19.3101,20.5222,0.567287
19.9355,18,18,16,18,18.2436,21.5249,0.559121
19.9393,19,18,17,15,14.2036,25.3277,0.568508
19.9399,17,20,17,15,15.3157,24.284,0.565375
19.9414,17,17,18,16,13.5234,25.9707,0.573353
19.9434,15,20,19,16,22.0736,17.9421,0.567091
19.9501,16,19,16,17,27.3186,13.0278,0.569692
19.9548,15,18,19,15,20.3785,19.5568,0.565347
19.963,20,18,18,15,13.7892,25.763,0.5641
19.9796,18,15,18,19,13.7948,25.7897,0.588997
19.9824,15,17,18,20,22.2007,17.8984,0.559779
19.9864,20,18,20,20,17.3166,22.4945,0.56719
19.989,15,17,20,19,23.7634,16.4432,0.569418
19.9929,16,15,19,16,17.4343,22.3966,0.574573
19.994,19,18,19,15,14.5329,25.1244,0.57203
20.0017,15,17,18,19,24.9868,15.3185,0.569346
20.0035,19,19,15,20,18.3779,21.5307,0.587891
20.0135,19,18,15,15,18.1655,21.7495,0.57357
20.0148,18,20,16,16,18.0707,21.8412,0.569176
20.0151,17,18,16,16,17.5376,22.3427,0.578314
20.023,15,15,15,20,17.4337,22.4554,0.591444
20.0245,18,18,18,18,15.3791,24.3885,0.545455
20.0258,15,17,20,18,20.1449,19.914,0.549886
20.0352,16,17,15,19,24.5371,15.8059,0.563411
20.042,19,17,18,19,17.2195,22.6936,0.565078
20.0461,17,16,18,18,15.4444,24.3691,0.556743
20.049,20,19,15,15,18.4278,21.5721,0.57618
20.0498,17,15,15,16,12.4143,27.2229,0.567504
20.05,17,20,17,16,15.4031,24.4155,0.55086
20.0501,19,17,17,20,16.7519,23.1486,0.579504
20.0528,20,20,15,16,16.7818,23.1256,0.528068
20.0529,16,18,15,19,24.7831,15.6091,0.586469
20.0539,18,18,15,17,17.6064,22.3532,0.64
20.0604,20,19,17,17,19.0954,20.967,0.575952
20.0641,17,16,15,16,16.4089,23.4979,0.576013
20.0707,17,20,18,15,15.2652,24.5851,0.572128
20.0759,19,19,15,17,21.4153,18.8177,0.567752
20.0827,17,17,17,16,18.1706,21.8789,0.573353
20.0842,19,16,20,17,14.5811,25.254,0.574341
20.0863,20,17,16,17,20.7012,19.5086,0.606742
20.093,18,17,17,15,14.1683,25.6589,0.576729
20.0941,19,19,20,17,14.9926,24.8865,0.604028
20.103,18,20,16,19,19.0598,21.083,0.564522
20.1068,16,19,18,16,23.9848,16.4637,0.570419
20.1137,20,18,19,17,20.5071,19.744,0.574992
20.1144,20,20,16,15,16.6293,23.3885,0.564989
20.123,15,18,16,19,26.9044,13.7523,0.565396
20.1279,19,17,20,17,15.8019,24.1919,0.577211
20.1313,15,17,15,16,24.3517,16.1665,0.558695
20.1375,19,19,19,15,14.1023,25.8071,0.578393
20.1558,18,18,18,20,17.8943,22.2805,0.572025
20.1653,15,18,19,19,22.954,17.5455,0.568397
20.1726,18,16,18,18,11.2661,28.5397,0.561657
20.1759,15,17,16,15,19.8675,20.4657,0.582122
20.1822,19,19,16,20,16.5033,23.6383,0.573175
20.1918,15,18,15,18,23.7801,16.8208,0.565268
20.1923,18,20,19,19,16.4131,23.7425,0.54799
20.1968,19,20,20,17,20.1558,20.2353,0.551438
20.1975,18,18,17,19,17.268,22.9496,0.556108
20.1979,16,20,17,16,23.434,17.1577,0.567489
20.2037,19,17,15,16,14.7734,25.3051,0.599392
20.2053,15,15,16,20,18.4159,21.8863,0.573292
20.2054,15,15,19,18,18.7047,21.6152,0.559114
20.206,18,19,19,18,14.9805,25.115,0.565842
20.2082,17,16,16,19,16.0324,24.1311,0.559132
20.2094,15,19,15,19,27.1242,13.7134,0.563683
20.2188,17,20,16,18,21.6955,18.8314,0.569063
20.236,19,20,20,19,15.3541,24.8222,0.578125
20.2417,15,20,20,17,24.5652,16.18,0.564511
20.2559,17,20,19,18,17.4364,22.9046,0.563836
20.2579,20,19,17,19,19.6575,20.8219,0.577735
20.2651,18,18,16,17,21.7064,18.911,0.565613
20.2715,15,19,16,15,26.8646,14.0778,0.604598
20.2775,18,19,15,20,18.3385,22.0991,0.568379
20.2872,18,17,19,19,13.9179,26.2708,0.54242
20.2973,15,20,17,18,23.1629,17.6052,0.566112
20.3014,18,16,16,15,13.7476,26.4583,0.566988
20.3043,17,15,15,18,13.6441,26.5611,0.576473
20.3071,19,18,18,16,12.1481,27.9719,0.562845
20.31,20,19,15,16,16.4906,23.8981,0.571064
20.3132,18,15,15,17,15.1458,25.1677,0.575592
20.314,20,20,17,15,16.8698,23.5496,0.535696
20.3152,15,15,20,18,18.7102,21.8231,0.57181
20.3196,15,20,19,17,24.383,16.5023,0.582868
20.3226,18,18,15,20,18.9489,21.6131,0.574228
20.3238,18,17,20,17,15.6061,24.7558,0.586144
20.3256,18,17,19,20,17.2987,23.1692,0.577743
20.334,20,20,15,18,20.7657,19.9285,0.576832
20.3341,17,16,20,18,14.2543,26.0457,0.575729
20.3373,20,17,19,20,18.2642,22.2849,0.571555
20.3424,20,16,17,18,13.5079,26.7631,0.587434
20.3429,16,18,17,15,25.6302,15.3758,0.590945
20.3439,15,19,17,19,23.5295,17.3513,0.585618
20.3443,16,15,15,15,19.0385,21.5711,0.574311
20.3464,15,19,18,17,26.0593,14.9794,0.561655
20.3492,16,16,19,20,20.293,20.4019,0.567813
20.3552,17,17,16,18,18.2817,22.3032,0.568064
20.3552,19,19,19,20,17.2671,23.2563,0.569006
20.3588,15,17,20,16,23.4937,17.4137,0.590134
20.3599,18,19,15,19,19.9246,20.7689,0.55845
20.3638,19,17,19,18,18.5302,22.0864,0.567237
20.3656,15,20,18,17,24.0346,16.9188,0.579917
20.3665,20,17,16,19,19.9371,20.7699,0.566088
20.3674,19,15,15,18,15.2305,25.1932,0.567238
20.369,15,17,17,19,22.0183,18.8197,0.585635
20.3691,16,16,15,17,25.5046,15.5447,0.574467
20.3718,20,18,17,16,16.0375,24.4435,0.5665
20.3758,20,18,17,20,16.7176,23.8126,0.575395
20.3821,15,18,17,15,23.0477,17.8779,0.586758
20.3883,19,17,19,19,16.8135,23.7465,0.574122
20.3911,17,15,16,19,16.2034,24.3252,0.564262
20.3961,18,19,18,16,16.3813,24.1677,0.576115
20.3963,18,16,17,17,16.3786,24.1707,0.563345
20.4109,17,16,15,19,13.8999,26.5276,0.573297
20.4136,20,15,16,19,15.3945,25.1287,0.569831
20.4143,20,16,16,16,13.5594,26.854,0.568641
20.4159,16,16,18,15,14.5022,25.9714,0.578341
20.4181,15,19,16,18,25.0575,16.0597,0.576415
20.4235,19,18,20,17,14.0491,26.4118,0.568963
20.4272,15,15,19,20,17.659,23.0277,0.581029
20.4307,18,15,17,18,12.7112,27.6827,0.593617
20.4326,20,19,17,16,18.1397,22.5867,0.573679
20.4336,16,19,15,20,28.8734,12.5048,0.563781
20.4353,17,20,15,20,16.3692,24.2551,0.591433
20.4372,17,16,15,20,18.7992,21.976,0.559857
20.4405,15,15,18,15,17.5168,23.1871,0.579883
20.4534,20,15,15,18,17.6677,23.0704,0.571721
20.4619,18,17,16,17,19.4036,21.4561,0.562782
20.4638,19,19,19,18,17.8786,22.8924,0.562699
20.4639,18,20,19,20,19.3824,21.48,0.561456
20.4705,15,15,20,19,19.4293,21.4487,0.593309
20.4714,19,19,15,16,18.3426,22.4712,0.566915
20.4726,19,15,19,15,12.3975,28.0587,0.582336
20.473,17,15,17,19,13.5798,26.9488,0.565632
20.4739,17,20,20,19,18.9394,21.9154,0.562212
20.4794,19,19,18,20,18.8521,22.0082,0.563986
20.4857,17,15,15,17,15.0872,25.5573,0.5648
20.4944,17,20,20,17,17.6105,23.2036,0.577167
20.5095,15,20,17,19,24.4951,16.7653,0.559531
20.5104,20,20,16,20,18.1201,22.7559,0.566183
20.5105,15,19,20,19,28.8089,12.7146,0.570754
20.5111,15,19,16,16,26.6847,14.7114,0.569642
20.5128,15,17,19,17,26.5998,14.7945,0.563873
20.5133,20,18,17,19,17.5828,23.2664,0.565773
20.5232,20,20,18,19,16.4724,24.3288,0.54394
20.5281,19,19,18,17,16.6373,24.1833,0.575715
20.5304,17,19,17,15,15.0717,25.6586,0.567802
20.547,17,20,18,17,20.7322,20.373,0.579104
20.5475,16,18,17,19,22.2801,18.9199,0.566588
20.5498,20,19,18,15,15.2252,25.552,0.580392
20.5508,16,18,19,18,21.7168,19.4554,0.570201
20.5529,16,15,17,17,19.2166,21.8083,0.581718
20.5741,20,17,18,20,17.8656,23.1185,0.569748
20.5748,15,19,16,20,26.5901,14.9238,0.592985
20.5772,17,15,20,17,15.0126,25.8048,0.548977
20.5944,19,16,18,19,14.436,26.3799,0.572123
20.602,19,17,16,16,19.3275,21.7992,0.578116
20.6063,18,16,16,16,11.4835,29.1767,0.569038
20.6139,20,20,18,20,17.0454,23.9662,0.566889
20.6164,17,15,16,20,14.0647,26.7713,0.565862
20.6192,20,18,18,20,14.0106,26.8276,0.567172
20.6217,18,20,18,19,14.9857,25.9164,0.585385
20.6247,20,17,20,18,17.4734,23.5852,0.571183
20.6314,15,20,16,15,29.2643,12.5214,0.557635
20.6344,20,19,16,18,21.9881,19.3626,0.578865
20.6401,17,20,18,16,16.761,24.2843,0.55383
20.643,17,20,17,17,19.1647,22.0318,0.589055
20.6433,15,15,15,16,18.6764,22.491,0.592132
20.6449,19,18,16,18,18.9569,22.2307,0.572534
20.6455,20,18,19,20,16.5564,24.4869,0.566203
20.6685,17,20,20,20,19.7874,21.4962,0.555687
20.6721,15,17,16,16,24.7396,16.8508,0.569594
20.6721,18,20,19,17,16.8682,24.2457,0.562802
20.6792,17,17,19,20,16.4591,24.6437,0.556906
20.6797,19,15,18,17,14.7747,26.227,0.569559
20.6832,19,17,19,20,16.6777,24.4461,0.567926
20.6867,16,16,18,17,20.8013,20.5791,0.565439
20.6895,16,15,18,18,19.2238,22.0664,0.572182
20.698,18,20,19,16,17.6459,23.5652,0.661333
20.699,18,16,19,19,16.815,24.3478,0.570567
20.7067,20,20,20,20,19.6182,21.7293,0.580459
20.7219,16,17,18,18,24.9287,16.7699,0.572121
20.7226,19,15,17,18,13.0842,27.8984,0.566908
20.7323,20,20,19,15,15.1398,25.9862,0.55409
20.7339,18,20,20,20,18.276,23.0429,0.583999
20.7358,15,17,18,15,19.7258,21.6846,0.561866
20.7389,17,19,16,16,15.9833,25.2066,0.58303
20.747,19,19,16,19,20.2356,21.2274,0.562964
20.7566,17,16,17,16,10.5116,30.3811,0.565405
20.7588,15,16,16,18,17.8335,23.5069,0.565042
20.761,18,19,16,17,22.5607,19.0703,0.602368
20.761,20,20,15,17,22.5964,19.0368,0.565595
20.7666,18,19,19,17,16.1283,25.124,0.580336
20.7727,19,20,16,17,18.6928,22.7266,0.566582
20.7741,15,17,16,19,25.6086,16.2325,0.568717
20.7778,16,15,20,18,17.2622,24.0804,0.578396
20.7815,19,17,18,16,14.6799,26.5135,0.573697
20.7904,17,15,17,18,12.6136,28.4721,0.580137
20.7915,18,17,20,18,17.544,23.8424,0.559999
20.8052,15,15,18,19,18.1854,23.2662,0.578814
20.8065,15,18,19,16,22.5142,19.2023,0.58631
20.8067,15,20,18,19,24.9239,16.9389,0.564215
20.8106,15,15,16,15,16.2709,25.0754,0.598802
20.8229,19,19,18,15,15.2318,26.0753,0.568195
20.8245,20,15,17,17,16.0679,25.2931,0.570406
20.8313,16,19,18,20,22.3364,19.4174,0.570369
20.8352,16,15,15,16,20.5724,21.082,0.599955
20.837,16,18,18,20,24.5349,17.3632,0.569713
20.8395,17,18,18,16,13.1423,28.0705,0.564156
20.8438,19,20,17,19,13.5622,27.6844,0.58307
20.8459,16,19,17,19,24.0225,17.8618,0.555785
20.8502,18,15,15,19,14.854,26.4832,0.576317
20.8532,18,15,20,17,12.1486,29.0306,0.565794
20.854,17,20,15,19,20.0858,21.5757,0.562854
20.8643,18,16,18,20,11.1158,30.0223,0.556935
20.8734,17,19,16,17,21.8644,19.9423,0.577853
20.8734,20,18,15,20,21.3033,20.4695,0.557736
20.8802,20,20,15,20,18.1655,23.4304,0.590561
20.8806,18,15,16,17,15.289,26.1335,0.562795
20.8861,20,19,15,19,19.9108,21.8024,0.58063
20.8933,18,17,18,20,14.9452,26.4811,0.60353
20.9022,20,20,15,15,18.4266,23.2279,0.568413
20.9073,16,16,15,19,18.3542,23.3057,0.574389
20.9127,17,19,17,16,13.0936,28.2582,0.563922
20.9143,16,16,15,15,23.8737,18.134,0.579495
20.9176,18,20,15,18,19.4655,22.2818,0.562229
20.9256,15,15,15,17,21.9338,19.9785,0.586113
20.9302,19,20,18,19,19.8315,21.9624,0.570229
20.9358,16,17,20,20,23.9456,18.1083,0.566277
20.9492,19,15,16,15,13.8591,27.61,0.579496
20.9498,17,17,19,19,15.8718,25.7204,0.576097
20.9504,15,19,16,19,25.8697,16.329,0.556784
20.9522,19,16,19,18,10.9729,30.3271,0.570429
20.9553,15,15,18,20,17.235,24.4502,0.565888
20.956,19,20,17,20,16.2153,25.4096,0.595082
20.9732,17,15,18,17,11.6333,29.7473,0.561823
20.9821,18,16,15,15,11.0934,30.2719,0.550527
20.9822,15,15,17,19,18.0278,23.7577,0.560757
20.9838,20,19,16,15,18.0507,23.7393,0.563785
20.9937,15,18,20,16,18.9539,22.91,0.572259
20.9939,19,17,18,17,19.6863,22.2224,0.570805
20.9958,16,18,17,20,25.7954,16.487,0.573621
21.0049,15,19,19,20,23.6809,18.4909,0.567964
21.0156,16,20,17,19,26.1231,16.2174,0.57674
21.0206,18,17,18,16,17.1857,24.6232,0.563357
21.0208,16,15,19,18,17.7895,24.0565,0.574671
21.0241,15,18,15,15,26.2435,16.1208,0.574309
21.03,18,20,15,15,15.8648,25.8824,0.568538
21.0322,19,18,17,17,19.835,22.1568,0.576422
21.0567,20,15,17,18,14.1424,27.5523,0.568948
21.0593,20,18,16,20,20.4192,21.6605,0.57171
21.0649,17,20,19,19,18.7765,23.2147,0.56578
21.0857,17,15,19,20,12.53,29.1232,0.568
21.0946,17,19,18,18,16.0712,25.8139,0.575785
21.1053,19,20,15,20,25.0114,17.4357,0.543305
21.1063,16,17,16,16,23.3849,18.9657,0.578472
21.1165,16,17,17,20,22.5782,19.7433,0.564512
21.121,15,15,16,17,22.1371,20.1666,0.578389
21.1216,19,15,16,20,17.0459,24.9505,0.566424
21.1279,17,16,17,17,15.2945,26.6081,0.594059
21.128,16,18,16,18,23.8001,18.6177,0.574785
21.131,18,20,15,17,19.4162,22.7419,0.575614
21.1475,16,20,19,18,27.567,15.1168,0.576255
21.1512,15,18,15,20,24.6529,17.8615,0.574858
21.1544,19,18,17,16,15.1755,26.7712,0.566556
21.1614,16,16,19,17,16.9171,25.1487,0.581549
21.1742,17,18,16,20,16.9267,25.1645,0.548999
21.1798,17,19,15,16,13.6786,28.2267,0.561662
21.1808,16,16,19,15,17.8992,24.2636,0.577671
21.1922,15,20,17,15,24.1275,18.4346,0.57175
21.2011,20,17,16,18,22.9936,19.517,0.568128
21.2066,18,20,20,18,18.1113,24.1145,0.569872
21.209,20,18,17,17,20.7919,21.6009,0.569058
21.2151,17,17,20,20,18.0329,24.2046,0.566684
21.2221,19,16,16,16,10.2496,31.5302,0.568036
21.2276,18,20,17,20,17.7191,24.5236,0.56887
21.2424,20,17,16,15,17.8336,24.4449,0.56049
21.2489,16,18,19,19,26.279,16.5234,0.55455
21.2496,15,16,16,19,19.0351,23.3299,0.577716
21.257,17,18,18,20,18.5433,23.8064,0.569162
21.2604,15,20,20,16,24.4431,18.2705,0.553947
21.2639,20,18,18,19,17.2937,24.9936,0.576863
21.2649,16,18,16,19,27.1368,15.7486,0.590205
21.2668,17,16,16,18,16.2874,25.9447,0.589251
21.2724,20,17,19,16,13.0861,28.9629,0.570734
21.2728,19,20,15,17,21.1551,21.3833,0.566548
21.2731,20,15,18,17,13.1753,28.8805,0.576271
21.2734,17,20,15,18,23.9704,18.7397,0.565893
21.274,17,20,15,16,17.8996,24.444,0.586839
21.2817,17,18,20,16,15.7311,26.4961,0.563516
21.2891,17,15,15,19,18.2116,24.1804,0.550071
21.2896,19,19,20,18,19.485,22.985,0.569629
21.2978,19,17,17,15,15.3196,26.9141,0.558736
21.2979,17,20,17,18,19.233,23.2378,0.576631
21.2984,19,19,16,15,17.0774,25.2637,0.566543
21.3001,19,16,18,18,14.5311,27.6591,0.579948
21.3064,17,18,15,20,17.7143,24.6809,0.565576
21.3232,20,18,20,17,20.1333,22.441,0.570414
21.3232,16,20,18,19,26.7638,16.2122,0.582131
21.3245,20,18,16,15,20.1687,22.4104,0.582086
21.3319,17,16,15,17,14.0884,28.1368,0.574128
21.3373,18,17,19,16,13.5974,28.6085,0.560873
21.3388,15,17,16,17,24.5669,18.3062,0.615851
21.3402,20,17,19,19,19.165,23.3836,0.551984
21.3403,16,15,17,18,20.3894,22.2336,0.572501
21.3408,15,18,17,19,28.1795,14.9163,0.547982
21.3412,20,19,15,18,21.9124,20.8045,0.569211
21.3451,15,19,17,18,25.0532,17.8616,0.547002
21.3562,18,15,18,15,14.2005,28.0785,0.573995
21.3573,20,19,16,19,19.2653,23.3227,0.552158
21.3665,16,17,19,18,25.5108,17.4732,0.575053
21.3666,20,20,16,19,22.7988,20.0211,0.568182
21.3837,15,18,16,16,23.0155,19.8508,0.562564
21.3879,19,16,16,18,15.7796,26.6565,0.583927
21.388,19,18,17,20,17.517,25.0246,0.585264
21.3923,15,20,17,20,26.2423,16.8361,0.572123
21.3933,20,18,17,15,13.1417,29.1452,0.577759
21.3936,20,19,19,16,18.2263,24.3691,0.560962
21.3965,18,19,18,20,20.0663,22.6461,0.576316
21.3972,20,18,19,19,14.3165,28.049,0.572859
21.4036,15,15,15,19,19.4767,23.2138,0.555381
21.4078,15,15,18,16,16.6148,25.9106,0.570087
21.4102,18,19,15,16,17.7295,24.868,0.566307
21.4127,19,17,20,20,16.5088,26.0196,0.571778
21.4323,15,16,20,17,16.1132,26.4292,0.567236
21.4349,20,19,16,20,21.4621,21.4092,0.570991
21.4416,16,19,16,18,28.7257,14.5987,0.563967
21.4432,16,15,15,19,20.1846,22.6257,0.560808
21.4447,20,20,18,16,15.0481,27.454,0.570239
21.4612,18,15,17,19,12.9298,29.4759,0.560166
21.4714,15,18,16,18,26.0045,17.2128,0.566792
21.4739,16,18,19,17,24.4948,18.636,0.558539
21.4777,18,15,17,15,12.7262,29.6991,0.598873
21.4822,18,20,18,20,16.923,25.7653,0.566234
21.485,19,18,16,15,18.6296,24.1675,0.542796
21.4931,16,18,20,18,26.609,16.6869,0.600314
21.4978,16,19,17,17,29.8265,13.6735,0.572235
21.5115,15,16,17,15,17.2585,25.5068,0.571537
21.5137,17,18,18,15,14.0367,28.5379,0.645288
21.5195,16,17,15,16,25.2004,18.0615,0.574374
21.5283,20,19,18,20,19.4272,23.5021,0.567207
21.5355,17,18,18,18,18.4313,24.4516,0.558215
21.5363,17,16,16,20,15.4467,27.2572,0.555613
21.5381,16,17,19,17,22.3612,20.7649,0.577611
21.5462,16,15,18,20,22.11,21.0166,0.576429
21.5605,20,18,15,15,18.1434,24.7706,0.578293
21.5665,18,20,16,20,21.4919,21.6365,0.576514
21.5828,15,18,15,19,25.7621,17.6566,0.57405
21.5862,15,17,19,19,22.6395,20.5967,0.572489
21.5936,16,17,15,17,24.9701,18.4215,0.574374
21.5949,15,18,16,17,26.5556,16.9347,0.583092
21.6012,17,18,19,20,16.0597,26.8071,0.575408
21.6122,19,15,20,17,14.7593,28.0501,0.577169
21.6142,20,17,17,16,16.6715,26.2575,0.569369
21.6192,15,18,18,18,25.8968,17.6007,0.658228
21.6226,18,18,15,15,19.7059,23.4233,0.565472
21.629,18,18,19,18,20.7335,22.4702,0.562306
21.63,15,16,17,17,19.4534,23.6748,0.577089
21.6336,18,19,18,15,15.1733,27.7027,0.559149
21.6373,18,17,20,19,17.1818,25.8229,0.575895
21.638,16,20,18,15,25.1238,18.3634,0.585914
21.6386,16,19,18,18,28.7231,14.9831,0.579385
21.6397,15,20,16,20,27.4644,16.1677,0.573352
21.6424,16,18,20,16,21.2902,21.9733,0.56813
21.6471,17,16,17,19,15.0187,27.874,0.593778
21.6681,19,19,15,19,21.6717,21.6647,0.568846
21.6722,20,19,18,18,18.2283,24.9075,0.570174
21.6764,18,20,18,16,12.7667,30.0466,0.561906
21.678,18,20,17,19,19.5499,23.6772,0.564682
21.6813,19,19,18,18,18.6353,24.5429,0.541418
21.7044,17,15,19,18,14.2992,28.6612,0.584751
21.7082,16,17,19,16,17.3691,25.7845,0.582949
21.7158,18,15,15,18,17.3396,25.8269,0.568509
21.7203,18,20,19,15,14.5222,28.4825,0.57668
21.7203,19,16,16,19,13.9458,29.024,0.560769
21.7229,18,15,18,17,14.5902,28.4237,0.576743
21.7233,20,20,18,17,21.6269,21.8138,0.57079
21.7234,16,20,19,19,28.9066,14.9752,0.570435
21.7334,15,16,17,20,19.6253,23.7138,0.56656
21.734,17,16,20,17,14.943,28.1138,0.583551
21.7342,16,19,15,17,29.981,13.9869,0.600758
21.7371,19,16,15,17,13.6616,29.3237,0.555643
21.7393,19,20,15,15,17.8577,25.3859,0.574324
21.7437,15,20,19,15,25.183,18.5127,0.574264
21.7553,18,18,19,19,16.8029,26.4077,0.572366
21.7557,18,20,20,19,18.3104,24.9923,0.60244
21.7588,16,20,18,20,26.2002,17.5863,0.556217
21.7646,16,17,18,20,25.123,18.6095,0.55652
21.7678,16,16,20,20,20.0484,23.3831,0.581545
21.7703,15,16,18,17,18.8724,24.4927,0.573629
21.7705,18,18,20,16,14.1178,28.9598,0.557218
21.7763,19,16,15,16,14.4585,28.6509,0.565773
21.781,17,19,20,16,17.2305,26.0559,0.561382
21.7833,18,16,19,20,13.6492,29.4247,0.568065
21.7846,18,16,20,20,14.5371,28.5933,0.526627
21.7906,16,16,16,18,26.2158,17.6334,0.570358
21.791,19,18,20,20,13.8487,29.2523,0.572262
21.7921,15,19,17,20,26.2452,17.6086,0.554747
21.7993,19,18,16,20,19.6928,23.7783,0.531752
21.8004,20,15,20,19,12.594,30.4493,0.59164
21.8023,18,18,18,16,15.9551,27.2954,0.565413
21.8026,19,20,19,19,18.8521,24.5743,0.572937
21.8071,19,15,17,16,14.1467,29.0037,0.568713
21.8202,17,18,17,17,18.604,24.8417,0.596865
21.8248,15,17,17,16,22.643,21.0561,0.5946
21.8311,17,15,18,20,12.9603,30.1646,0.578111
21.8419,15,15,17,15,17.1585,26.2416,0.574305
21.8494,16,19,20,17,27.8611,16.2018,0.579179
21.8566,17,15,17,16,11.1964,31.8713,0.579788
21.8567,17,17,18,15,15.8363,27.5125,0.580988
21.8588,18,15,19,17,12.1072,31.0199,0.563552
21.8694,19,17,18,20,16.3935,27.0136,0.580638
21.8705,15,15,16,16,21.6887,22.0413,0.567256
21.8735,15,16,16,17,22.5169,21.2691,0.577788
21.8737,18,18,19,15,16.5263,26.8973,0.592593
21.8769,18,19,19,16,14.0028,29.274,0.569703
21.8894,15,15,18,17,17.2559,26.2424,0.568682
21.8903,20,19,17,15,15.1398,28.232,0.553453
21.9057,19,20,16,19,18.8672,24.7601,0.574947
21.9103,19,17,17,19,17.959,25.6223,0.570025
21.9235,15,17,15,15,19.6277,24.0803,0.56117
21.924,19,20,20,20,20.4332,23.3245,0.557682
21.9264,20,15,18,15,11.4424,31.7755,0.549101
21.9286,16,16,17,17,20.8115,22.978,0.551606
21.9312,19,20,16,20,22.0987,21.7739,0.571784
21.9317,18,19,19,15,12.9451,30.3741,0.554393
21.9359,15,19,19,17,26.8641,17.3061,0.567848
21.9408,16,19,19,20,24.9795,19.0862,0.575085
21.9452,17,15,18,16,10.88,32.3403,0.566113
21.9497,16,16,20,19,19.3857,24.3585,0.572823
21.9574,15,16,15,17,23.4678,20.5385,0.562672
21.9713,16,15,16,18,21.9203,22.0193,0.565469
22.0017,17,16,20,19,13.968,29.5488,0.573019
22.0085,18,19,20,19,18.059,25.7188,0.583911
22.0168,18,15,20,20,14.0752,29.4775,0.569813
22.0204,16,20,18,18,26.9005,17.4358,0.570136
22.0228,18,18,20,20,17.7595,26.0279,0.567459
22.0254,16,16,17,20,19.7581,24.1553,0.577392
22.0423,15,17,17,20,27.0312,17.3555,0.551635
22.0559,16,19,19,17,24.7473,19.5275,0.559596
22.0705,20,17,20,20,18.2643,25.6461,0.547674
22.0712,16,17,20,16,25.0364,19.2856,0.570601
22.0777,19,18,16,17,20.8219,23.2575,0.572893
22.0884,16,15,19,17,23.0413,21.1933,0.590182
22.0941,18,16,17,20,13.511,30.1574,0.575284
22.0987,19,15,20,19,14.4752,29.2605,0.572912
22.1031,19,16,20,19,12.535,31.0919,0.574566
22.1034,20,20,17,17,25.5176,18.896,0.592393
22.1049,15,19,15,16,28.209,16.3705,0.573148
22.1091,17,20,19,16,15.6108,28.2139,0.535871
22.1112,18,19,20,18,20.1733,23.9316,0.593795
22.1156,16,17,16,18,28.995,15.6529,0.566392
22.126,19,15,20,16,12.212,31.4397,0.580866
22.1266,20,16,17,19,14.5135,29.2785,0.558497
22.1276,16,17,15,20,26.871,17.6715,0.576057
22.1318,18,20,20,16,17.2632,26.7057,0.589008
22.1455,16,19,15,15,28.0971,16.5543,0.563827
22.1478,19,18,20,19,17.914,26.1251,0.575708
22.1509,16,18,16,15,27.7611,16.8804,0.589735
22.151,20,16,16,17,17.3227,26.687,0.582846
22.1614,16,18,16,17,30.0394,14.7605,0.570843
22.162,17,17,19,15,18.1508,25.9303,0.530052
22.1724,16,20,17,15,21.7144,22.6027,0.570797
22.1737,20,17,18,16,16.5878,27.4213,0.563368
22.1738,16,17,20,19,23.541,20.8894,0.576722
22.176,20,20,20,16,18.9409,25.2152,0.552972
22.1821,19,15,18,18,13.5473,30.294,0.574684
22.1847,16,19,19,18,27.4012,17.2841,0.566094
22.185,16,15,19,20,19.9941,24.2431,0.568664
22.1874,19,20,19,20,19.6782,24.5447,0.570043
22.1981,19,15,15,16,14.438,29.4882,0.573915
22.2026,18,20,19,18,19.2537,24.9729,0.54755
22.2114,18,16,16,20,16.6346,27.4505,0.563549
22.212,18,18,15,18,17.9128,26.2509,0.568909
22.2261,19,16,19,20,14.4136,29.5655,0.561978
22.2271,18,15,19,15,10.4503,33.2908,0.566984
22.2389,16,19,17,16,27.1046,17.6678,0.547556
22.2498,16,20,18,16,21.8597,22.6163,0.572
22.2657,19,20,16,16,18.2649,26.0243,0.573966
22.2667,15,19,15,18,31.592,13.5061,0.575093
22.2732,18,20,18,18,19.3278,25.0401,0.579403
22.281,16,18,15,17,28.4479,16.4875,0.572136
22.2832,20,17,17,20,18.6994,25.65,0.568178
22.2943,15,15,17,20,17.8185,26.499,0.577042
22.2994,16,17,17,17,25.8504,18.9635,0.600232
22.314,18,20,18,15,19.4015,25.0501,0.562788
22.3199,17,19,20,19,19.044,25.3974,0.566729
22.332,15,19,18,20,27.8531,17.1452,0.561123
22.3379,20,19,20,19,18.5151,25.9292,0.574423
22.3425,16,20,19,15,25.0091,19.8374,0.565973
22.3541,17,18,17,16,12.3904,31.7144,0.567256
22.3725,20,20,20,19,18.5732,25.9417,0.607716
22.3795,16,15,20,16,16.5528,27.8533,0.581576
22.3815,17,17,15,16,19.0208,25.5386,0.581911
22.3833,17,15,16,18,16.2007,28.1915,0.558947
22.391,20,20,17,19,23.1048,21.7205,0.571508
22.3932,17,20,20,16,13.9655,30.3104,0.580183
22.4017,16,19,20,20,29.3594,15.8654,0.572551
22.4074,15,18,18,15,24.1837,20.7387,0.566374
22.4139,16,17,16,15,24.5779,20.381,0.554154
22.415,20,19,15,20,20.1202,24.5708,0.553162
22.4203,19,17,19,15,15.8214,28.6196,0.570996
22.4211,15,17,17,15,23.6091,21.3051,0.568486
22.4241,19,17,19,16,13.8998,30.4322,0.564071
22.4249,18,20,20,17,19.0882,25.5595,0.555498
22.4256,20,16,18,18,13.0104,31.2706,0.564162
22.4395,16,17,20,18,23.5466,21.3995,0.568455
22.4464,16,15,16,17,24.8597,20.1793,0.565111
22.453,18,15,19,16,12.0799,32.198,0.574575
22.4534,16,15,18,17,19.1996,25.5101,0.57227
22.4577,17,17,15,19,22.7251,22.2065,0.571574
22.4589,20,15,20,20,15.674,28.8329,0.571024
22.4647,16,17,15,15,27.4339,17.7965,0.575256
22.4679,17,15,20,18,16.7111,27.8761,0.557738
22.4935,16,17,16,17,30.8405,14.6521,0.584806
22.4953,15,20,15,18,31.391,14.1383,0.551846
22.5003,20,15,17,19,14.2898,30.2135,0.5669
22.5114,15,16,18,19,23.041,22.0139,0.570459
22.5314,15,20,17,16,21.5792,23.4259,0.576365
22.5353,19,18,19,20,16.6285,28.0843,0.574185
22.5363,18,16,20,19,16.2734,28.4199,0.587509
22.5528,15,17,15,19,29.5215,16.0062,0.579008
22.554,15,18,15,16,24.9669,20.2872,0.572714
22.5577,19,16,16,20,14.3067,30.309,0.561375
22.5648,19,17,16,19,22.5153,22.6112,0.567376
22.5719,16,19,17,20,24.3322,20.9183,0.577617
22.5756,19,19,16,16,17.7845,27.0766,0.567945
22.5763,16,19,17,18,30.5049,15.1279,0.554208
22.5776,17,15,19,15,12.4701,32.073,0.5631
22.5844,15,16,20,16,16.6528,28.1568,0.57923
22.5969,16,18,15,16,29.2653,16.3323,0.565015
22.5995,16,18,17,18,27.7655,17.7465,0.578715
22.6077,20,18,18,16,19.0683,25.9327,0.576233
22.611,18,16,15,20,17.6581,27.2639,0.580718
22.6146,17,16,19,18,16.7264,28.1463,0.57848
22.6153,16,18,19,15,23.5072,21.7773,0.568337
22.6156,15,17,19,20,25.368,20.0299,0.564508
22.6177,17,15,15,20,15.8836,28.944,0.546763
22.6189,20,16,17,20,14.8094,29.9554,0.55862
22.6258,18,15,19,19,15.4429,29.3736,0.563231
22.6295,15,20,15,20,29.1227,16.5295,0.570109
22.6531,15,15,20,17,17.4975,27.4965,0.56468
22.6657,18,16,19,15,13.1173,31.6357,0.566054
22.6662,16,18,15,20,31.7186,14.162,0.553555
22.6685,18,15,17,16,10.4573,34.1402,0.566996
22.6769,20,20,16,16,17.0143,27.9966,0.566444
22.6863,18,16,20,18,12.1841,32.5524,0.57173
22.6878,20,17,19,15,16.1722,28.8088,0.581115
22.7375,17,19,19,16,15.3588,29.6694,0.573766
22.7473,17,16,18,20,13.7343,31.2144,0.574004
22.7474,17,16,16,16,12.1193,32.7319,0.553357
22.7499,18,16,18,16,13.3254,31.6036,0.554427
22.7559,15,16,15,16,18.8361,26.4383,0.575932
22.7566,16,15,17,16,15.7576,29.3318,0.585125
22.7611,20,18,20,19,19.236,26.0728,0.571955
22.7641,18,16,19,17,12.9129,32.0188,0.570918
22.7657,16,18,20,20,27.6691,18.1593,0.527832
22.7686,15,20,16,16,27.3708,18.4451,0.566631
22.7706,20,18,19,16,14.3393,30.6914,0.566181
22.7941,17,20,18,18,20.5575,24.8952,0.569414
22.7943,20,20,20,18,20.2362,25.1974,0.576934
22.7945,16,15,15,17,22.5521,23.0223,0.578095
22.7948,16,19,18,17,30.4057,15.6449,0.53842
22.7972,19,19,15,15,21.3217,24.1833,0.595699
22.7994,16,18,19,16,23.558,22.0866,0.570525
22.7997,17,16,17,15,14.5993,30.5034,0.567601
22.8135,20,16,17,17,13.6793,31.3945,0.566519
22.8147,19,20,15,16,19.5856,25.8483,0.563956
22.8194,18,16,17,19,14.1881,30.928,0.570024
22.8211,16,15,18,19,20.5682,24.9376,0.567668
22.8273,15,16,19,18,19.3918,26.0547,0.561668
22.8275,19,15,19,17,14.9096,30.266,0.577609
22.8369,16,18,18,16,20.262,25.2557,0.564411
22.837,20,15,19,17,13.2709,31.8238,0.569598
22.8399,18,16,15,16,15.1422,30.0714,0.56633
22.8402,15,20,16,18,30.4706,15.6719,0.574486
22.8575,17,20,19,17,20.1503,25.4008,0.563181
22.8654,16,15,15,18,25.5836,20.3117,0.563503
22.8729,20,20,16,18,22.5634,23.1636,0.554974
22.8781,19,16,19,17,14.1962,31.0342,0.568303
22.8807,15,17,16,18,29.5873,16.5802,0.572763
22.8903,15,15,16,19,26.572,19.4314,0.562674
22.8978,16,20,17,20,28.6882,17.458,0.571437
22.9181,15,19,19,16,23.7503,22.1363,0.573484
22.9224,19,20,15,19,21.8535,23.9266,0.56278
22.9313,18,18,20,17,19.2544,26.3855,0.58003
22.9783,19,16,15,20,15.6555,29.8577,0.571691
22.9808,15,19,19,18,24.7342,21.3335,0.578596
22.9817,15,16,18,16,16.6026,28.9745,0.566358
22.9825,16,16,15,18,20.2821,25.5194,0.551029
22.9986,16,19,19,15,27.0266,19.2144,0.561862
23.0096,15,18,19,18,26.4239,19.8022,0.543418
23.02,15,19,20,17,22.8213,23.2067,0.583333
23.0274,20,18,15,19,22.5711,23.456,0.583057
23.0309,19,16,20,20,13.1569,32.307,0.567682
23.0317,15,19,18,16,23.2934,22.7859,0.581069
23.0463,15,16,18,15,16.7483,28.9628,0.559127
23.0474,20,15,19,18,13.9307,31.6119,0.577926
23.0495,20,19,19,19,17.008,28.7251,0.571302
23.055,15,19,20,20,24.1361,22.0394,0.579686
23.0612,15,18,18,19,24.7273,21.496,0.588233
23.065,15,15,17,18,17.96,27.8608,0.582096
23.0742,19,15,18,16,11.8729,33.5972,0.571039
23.0755,20,16,15,19,16.2026,29.5322,0.578001
23.0817,15,17,20,20,28.6913,17.8118,0.56718
23.0846,18,15,16,16,12.7834,32.7619,0.552467
23.0887,15,19,17,16,27.701,18.7557,0.572884
23.0945,15,20,18,16,22.1518,23.98,0.580394
23.0961,20,16,20,18,12.2967,33.2414,0.590363
23.1008,18,15,18,20,12.9132,32.6714,0.577565
23.1189,19,19,17,19,20.2905,25.776,0.576967
23.1201,15,20,17,17,30.5878,16.1046,0.550086
23.1259,18,15,17,20,13.3472,32.3124,0.582051
23.1291,20,15,17,15,10.4702,35.0214,0.560079
23.1298,20,15,15,19,16.6724,29.1961,0.561066
23.1313,17,15,20,19,12.513,33.1065,0.574438
23.1353,16,19,15,19,31.2999,15.4652,0.584741
23.1396,18,19,20,20,17.3631,28.5662,0.548891
23.1551,16,18,19,20,26.3236,20.1785,0.587513
23.1668,15,15,18,18,21.241,24.9759,0.563905
23.1802,15,19,16,17,29.2149,17.511,0.568345
23.1833,16,16,17,16,16.0746,29.8616,0.564045
23.2171,15,19,19,15,23.4889,22.9617,0.565724
23.2403,18,16,18,15,11.2322,34.5211,0.581804
23.2403,16,17,17,18,26.2874,20.3778,0.561735
23.2444,20,16,15,18,14.2639,31.6811,0.568331
23.2471,19,15,17,15,12.831,33.0325,0.583672
23.2528,15,16,15,19,22.875,23.6077,0.584311
23.2605,20,15,18,19,14.9655,31.0531,0.564794
23.261,17,19,20,20,17.5218,28.6527,0.579016
23.2766,18,16,20,17,13.2434,32.7022,0.576272
23.2774,18,16,19,18,14.1955,31.8093,0.573956
23.2923,16,17,18,19,25.0367,21.6535,0.5619
23.2934,19,16,18,17,15.1354,30.9574,0.579606
23.2976,16,15,16,20,22.7235,23.8368,0.56384
23.3063,20,18,16,17,19.5789,26.808,0.555161
23.3129,15,19,18,15,28.4716,18.4665,0.578348
23.339,19,19,18,16,17.5001,28.8242,0.583927
23.3477,16,15,20,17,23.1294,23.5527,0.563019
23.3598,17,16,19,19,12.9829,33.1082,0.560848
23.384,17,16,18,16,12.7935,33.3332,0.556652
23.3877,17,18,19,16,15.8715,30.4487,0.562781
23.3892,16,16,20,18,21.8325,24.8517,0.566009
23.393,15,16,20,20,21.1518,25.4985,0.5469
23.4011,16,20,16,16,30.9637,16.2966,0.578671
23.4082,19,15,19,16,10.1976,35.8187,0.577072
23.4206,15,16,15,15,21.6233,25.109,0.577855
23.4215,19,15,16,19,16.2778,30.1326,0.557
23.4236,17,20,19,15,18.057,28.4651,0.559126
23.4287,19,20,17,16,16.8754,29.5851,0.554809
23.4287,20,18,16,16,16.0063,30.4016,0.569391
23.4339,16,20,19,16,26.3199,20.7226,0.581742
23.4455,16,20,15,17,32.7543,14.7005,0.575068
23.4498,16,20,19,17,35.2163,12.3958,0.57445
23.455,17,16,19,20,16.0006,30.4581,0.580264
23.4554,20,20,19,16,18.6465,27.9731,0.578063
23.4655,15,16,19,20,19.9517,26.7665,0.556549
23.4768,16,16,15,16,22.5628,24.3355,0.575252
23.4817,20,17,16,20,22.8781,24.0488,0.556857
23.4845,15,17,18,16,21.3459,25.4936,0.580095
23.489,16,16,18,18,20.0455,26.7239,0.570171
23.5113,15,17,19,16,17.2539,29.3897,0.578571
23.5188,19,20,20,18,22.9289,24.073,0.561266
23.5351,20,15,16,20,15.8209,30.7821,0.568961
23.5397,18,15,16,15,11.9245,34.4515,0.624974
23.5555,16,16,16,16,21.4302,25.5521,0.573314
23.5575,16,15,16,19,23.0193,24.0631,0.58396
23.5581,18,19,19,20,18.8508,27.9803,0.550503
23.564,18,18,17,16,15.485,31.1538,0.579227
23.5737,20,15,19,20,15.2553,31.3884,0.577419
23.5787,16,19,18,19,28.6849,18.7818,0.574256
23.5793,15,17,16,20,27.2248,20.1545,0.572513
23.5932,20,16,19,17,16.1592,30.5769,0.609534
23.5986,15,17,19,15,22.969,24.1902,0.554212
23.6133,17,15,17,20,16.0061,30.7597,0.575042
23.6153,20,16,19,20,15.4093,31.3244,0.531505
23.6161,20,19,20,16,20.8742,26.1919,0.554886
23.6175,19,15,19,19,12.5998,33.968,0.579102
23.6201,17,16,19,16,13.3307,33.2863,0.551975
23.6301,16,20,17,18,31.0485,16.661,0.572381
23.632,20,15,19,19,13.1984,33.4337,0.570658
23.6359,16,20,15,19,31.3898,16.3515,0.560123
23.6469,17,15,19,17,11.8906,34.6911,0.566119
23.6548,18,15,20,18,13.2095,33.4675,0.568795
23.6576,19,16,15,15,16.0324,30.821,0.5721
23.6894,17,16,16,15,12.8118,33.9082,0.517026
23.702,19,16,18,16,13.0331,33.7248,0.57592
23.7031,20,15,19,15,13.4463,33.3387,0.570236
23.7031,15,18,20,17,29.3184,18.4278,0.568584
23.7032,16,15,17,20,19.2372,27.8987,0.567788
23.7052,15,18,19,20,25.4104,22.1033,0.579112
23.7057,16,16,18,16,20.7774,26.4567,0.605753
23.7146,20,15,15,17,16.1042,30.8642,0.56332
23.7166,16,19,19,19,32.6595,15.3153,0.574426
23.7229,20,19,19,18,18.7372,28.4066,0.578537
23.7309,16,16,19,16,20.0382,27.1999,0.567929
23.7314,15,20,19,18,28.7715,18.9965,0.571944
23.7504,16,19,15,16,26.4931,21.1738,0.560627
23.7582,16,16,17,19,21.4174,25.9573,0.571141
23.7622,19,15,18,19,14.6246,32.3464,0.563774
23.7639,15,20,18,20,27.5522,20.205,0.567361
23.7639,15,20,18,18,28.7952,19.0374,0.573671
23.7873,19,15,17,19,13.3271,33.614,0.572387
23.7885,15,18,20,20,25.2402,22.4247,0.579572
23.7954,16,15,19,19,19.6881,27.654,0.565414
23.8036,16,20,20,18,29.4451,18.5037,0.54902
23.8061,19,16,20,18,14.5158,32.5337,0.558241
23.8077,15,20,15,16,30.9033,17.1418,0.576012
23.8133,18,16,17,16,11.2054,35.6576,0.557835
23.8149,15,20,19,20,28.0523,19.8341,0.563548
23.8298,18,16,16,19,15.0238,32.1024,0.573051
23.8452,19,19,20,16,16.3796,30.8587,0.569474
23.8495,15,16,18,20,20.941,26.582,0.571163
23.8673,18,15,17,17,13.366,33.7326,0.578195
23.8906,20,15,18,20,14.0335,33.1507,0.556874
23.8934,19,17,20,16,14.8921,32.3496,0.565429
23.8944,16,19,20,18,29.7412,18.4016,0.587859
23.9118,15,20,15,17,30.4109,17.8063,0.572952
23.9222,15,20,16,19,28.5655,19.5601,0.577813
23.9243,18,15,18,18,13.4626,33.7523,0.574027
23.9248,17,16,20,20,14.4848,32.7931,0.531927
23.9353,16,18,18,18,30.0967,18.147,0.610927
23.9601,17,16,19,17,12.3504,34.8668,0.566109
23.9704,16,19,18,15,27.3346,20.81,0.557917
23.9764,16,16,18,20,22.0328,25.8023,0.591452
23.9793,15,18,17,18,29.0838,19.1839,0.569754
23.9827,15,16,15,20,22.81,25.0843,0.573906
23.9901,19,15,17,20,15.7907,31.6929,0.568709
24.0072,19,16,18,15,14.3438,33.0854,0.566858
24.0383,19,20,18,16,21.0035,26.8893,0.564948
24.0423,19,16,18,20,16.0983,31.5053,0.57951
24.0586,20,19,20,20,18.1047,29.6518,0.576048
24.0592,20,16,20,16,16.3267,31.3233,0.560073
24.0639,16,20,15,15,30.4183,18.0943,0.570225
24.0882,20,20,19,20,23.9824,24.1876,0.569109
24.1147,17,15,20,20,14.3441,33.2935,0.567994
24.1224,16,17,17,16,27.1901,21.2405,0.555753
24.1531,16,20,16,15,28.879,19.7133,0.571765
24.159,16,18,20,19,28.8132,19.7867,0.579292
24.1727,16,20,20,16,30.8373,17.9116,0.573091
24.1766,19,18,19,16,12.1625,35.463,0.574882
24.1866,20,16,19,19,14.4369,33.3458,0.565855
24.2217,15,18,15,17,29.5574,19.2091,0.552545
24.2367,15,15,19,15,18.1058,29.9962,0.570897
24.2773,17,19,16,15,19.7661,28.5153,0.574004
24.2781,20,19,20,18,18.8712,29.3575,0.566047
24.2849,20,16,15,20,17.0683,31.0644,0.565568
24.2929,19,16,17,20,16.3041,31.7979,0.567027
24.3222,19,19,19,16,18.8426,29.47,0.569283
24.3397,20,16,20,19,14.841,33.2632,0.574599
24.3905,15,16,16,20,19.825,28.6795,0.570554
24.3963,15,15,20,20,20.508,28.0492,0.564162
24.4037,16,20,15,18,34.1333,15.2632,0.57358
24.4279,15,19,20,16,26.5729,22.4129,0.56377
24.4397,18,16,15,18,20.4738,28.1655,0.569117
24.4441,15,16,20,18,23.1657,25.6452,0.590525
24.4497,19,16,17,16,9.20447,38.7717,0.57484
24.4627,16,16,15,20,20.607,28.0849,0.56779
24.4716,20,15,15,20,19.3051,29.3252,0.571534
24.4802,16,19,16,16,28.3241,20.8691,0.576843
24.4874,20,19,19,20,20.3255,28.3972,0.560889
24.49,15,16,15,18,25.3398,23.6916,0.557312
24.535,20,19,16,16,23.8992,25.1323,0.58901
24.5362,20,19,18,16,20.1128,28.6916,0.578306
24.5425,16,16,19,18,20.1876,28.6337,0.583663
24.5562,16,15,19,15,19.4902,29.3154,0.567138
24.5633,16,17,16,20,28.4669,20.8961,0.560327
24.5646,20,16,15,17,16.6701,31.981,0.582545
24.5729,16,20,17,17,31.0064,18.529,0.570111
24.5866,16,16,19,19,23.3473,25.7509,0.607586
24.6004,19,20,19,15,17.5903,31.1859,0.566419
24.6069,20,16,18,17,13.0119,35.4997,0.568539
24.6106,19,16,17,17,16.0089,32.6914,0.566874
24.6366,16,18,18,15,26.0075,23.3487,0.573715
24.6564,15,20,15,19,31.1039,18.5994,0.5673
24.6752,17,16,15,15,16.7427,32.1272,0.580876
24.6866,16,16,20,17,27.7197,21.8371,0.570133
24.7426,18,18,19,16,13.3824,35.4149,0.568191
24.7591,19,16,17,18,15.0915,33.8412,0.58283
24.7715,20,16,17,15,11.0112,37.6985,0.554801
24.7752,20,15,16,15,13.7196,35.1612,0.554517
24.7811,20,19,20,17,22.9258,26.524,0.568944
24.7925,20,15,20,17,15.8006,33.2399,0.583264
24.848,19,16,15,18,17.3184,31.9216,0.5638
24.8641,16,20,20,20,26.8288,23.0185,0.570111
24.8686,16,18,20,17,27.3762,22.513,0.582131
24.8828,19,20,18,18,19.6119,29.8345,0.572131
24.8964,18,16,15,17,16.4812,32.8019,0.569921
24.9023,16,20,20,19,30.2127,19.9135,0.642659
24.9041,20,20,15,19,23.9546,25.7961,0.577279
24.9345,16,15,15,20,24.9055,24.9617,0.562587
24.9408,20,15,15,15,14.2652,34.9699,0.562321
24.9444,20,20,18,15,15.5807,33.741,0.553613
24.9701,15,20,20,19,28.7361,21.4321,0.588811
24.9765,19,15,18,15,13.6728,35.5956,0.570476
25.027,17,15,19,19,13.9006,35.4796,0.58638
25.0281,20,15,18,16,10.0061,39.1402,0.558887
25.0452,15,16,19,17,24.9263,25.157,0.560867
25.0602,19,15,15,15,15.7678,33.7898,0.558656
25.0738,19,15,20,20,13.8669,35.6019,0.582339
25.084,16,19,16,15,31.3234,19.2225,0.579813
25.1059,18,20,17,16,18.7024,31.1216,0.563875
25.11,19,20,20,16,21.7053,28.3085,0.580577
25.1821,15,19,15,15,30.9048,19.8061,0.564421
25.193,15,20,20,20,28.6912,21.9066,0.570262
25.2074,20,16,18,20,13.1607,36.5246,0.571828
25.212,20,15,16,16,16.1483,33.7267,0.565867
25.2221,15,16,19,16,20.3656,29.7844,0.581222
25.2284,18,15,18,16,14.4935,35.3131,0.571159
25.2303,19,15,15,20,17.0649,32.9011,0.595629
25.2349,17,16,18,15,13.6189,36.1474,0.576801
25.2825,15,20,20,18,26.0579,24.554,0.570135
25.2984,15,15,19,16,14.6462,35.3054,0.559674
25.3197,16,20,19,20,33.8687,17.2885,0.566247
25.3444,17,16,19,15,11.7996,38.0688,0.566802
25.3491,15,20,19,19,27.9615,22.8948,0.580052
25.4104,20,16,20,20,14.0718,36.0623,0.578468
25.4231,16,16,16,19,26.2127,24.6815,0.58033
25.4336,16,20,15,16,31.4944,19.7398,0.576756
25.4444,16,19,16,19,36.3153,15.2318,0.569426
25.4528,16,20,16,18,35.1567,16.3366,0.579598
25.4639,17,16,17,20,15.8256,34.5186,0.569185
25.5105,15,20,16,17,34.2422,17.3077,0.572323
25.5183,20,16,18,16,9.92088,40.1712,0.567939
25.5222,20,16,20,17,14.7136,35.6762,0.568787
25.5377,16,16,17,18,22.0353,28.828,0.590643
25.5386,19,15,19,20,14.6597,35.7587,0.585339
25.5727,20,16,19,15,12.9557,37.4256,0.57306
25.6096,16,15,18,16,18.9404,31.875,0.585536
25.6306,15,16,18,18,21.0093,29.972,0.573881
25.6449,15,15,20,16,17.5875,33.2143,0.555228
25.6578,17,15,16,16,20.2099,30.7758,0.55153
25.7036,16,20,16,19,35.0046,16.966,0.563432
25.7102,19,16,17,15,13.2412,37.4241,0.566269
25.7563,20,16,16,15,15.0309,35.8322,0.564134
25.7589,16,16,16,15,23.6097,27.778,0.562555
25.8628,20,15,20,18,13.1516,37.8042,0.566195
25.8883,16,15,17,15,19.4242,31.961,0.567774
25.9714,17,16,17,18,18.2106,33.2622,0.56338
26.0008,19,16,19,19,14.2269,37.0617,0.569391
26.0538,15,16,19,15,19.0142,32.667,0.584785
26.056,16,17,18,16,22.4255,29.4665,0.56147
26.1453,16,19,20,16,26.615,25.704,0.576767
26.1755,20,15,15,16,12.8209,38.7214,0.571617
26.1761,20,15,17,20,15.1517,36.5329,0.578678
26.1773,16,20,16,17,37.1027,15.9136,0.55017
26.2154,17,15,18,15,14.3263,37.3845,0.537806
26.2361,20,16,16,20,19.6241,32.4477,0.568799
26.2584,16,19,16,20,37.0341,16.1353,0.578156
26.2866,20,16,16,18,15.2773,36.6291,0.572094
26.3141,19,15,18,20,15.3032,36.6581,0.562013
26.3221,18,16,18,19,15.4713,36.5157,0.565199
26.361,20,15,17,16,14.2038,37.7821,0.57282
26.3979,19,16,19,15,12.5162,39.4388,0.569282
26.4037,16,15,17,19,24.8643,27.8499,0.561365
26.4291,16,19,15,18,32.9958,20.2602,0.566871
26.6066,17,15,20,16,13.3295,39.0796,0.578645
26.651,16,19,19,16,26.0794,27.1879,0.534759
26.6616,16,15,16,16,24.1754,28.9973,0.587067
26.684,17,15,16,15,15.3881,37.2957,0.563514
26.8141,15,16,20,19,21.2852,32.0083,0.586598
26.8147,19,15,20,18,15.4796,37.4633,0.565032
26.8223,15,15,17,16,19.5266,33.6761,0.568441
26.9273,18,16,20,16,12.708,40.2855,0.556833
26.9657,18,16,17,15,14.7551,38.4369,0.619518
27.1549,16,15,20,19,22.6857,31.3534,0.586962
27.2907,20,15,20,16,11.9454,41.7067,0.577653
27.3133,16,20,15,20,38.6648,16.6493,0.56357
27.3664,18,15,20,16,12.1105,41.6984,0.567775
27.372,18,15,19,20,14.65,39.3236,0.580666
27.4402,17,15,19,16,11.5197,42.3964,0.56978
27.5171,18,16,19,16,14.2598,39.9715,0.543766
27.6329,17,15,17,15,13.6789,40.7419,0.56941
27.7777,17,16,20,16,13.8942,40.8203,0.590234
27.8339,15,19,15,20,35.7767,20.3722,0.569074
27.8594,19,16,20,16,10.4822,44.1842,0.564167
27.9337,20,16,16,19,18.8355,36.481,0.557841
27.9545,18,15,20,19,13.648,41.3945,0.567367
28.1857,19,16,19,16,12.8867,42.5581,0.570252
28.4913,16,15,18,15,20.4699,36.0269,0.556748
28.7179,16,16,20,16,21.6669,35.3419,0.568105
29.2222,16,20,16,20,39.1038,19.939,0.593794
29.2564,20,16,17,16,15.7261,41.9672,0.557618
29.3029,19,16,16,15,14.6722,43.0475,0.589624
30.5055,20,16,19,16,15.3605,44.7333,0.56741
31.5019,20,15,19,16,14.6532,47.3301,0.584019

